[{"url": "http://allrecipes.com/recipe/-applesauce-pumpkin-bread/detail.aspx", "ingredients": ["white sugar", "applesauce", "pumpkin puree", "eggs, beaten", "baking powder", "baking soda", "ground cinnamon", "salt", "ground ginger", "ground cloves", "ground mace", "chopped walnuts", "semisweet chocolate chips", "all-purpose flour", "confectioners' sugar"], "title": " Applesauce Pumpkin Bread"}, {"url": "http://allrecipes.com/recipe/-banana-peanut-butter-cheesecake-aka-the-elvis/detail.aspx", "ingredients": ["graham cracker crumbs", "butter, melted", "banana extract", "white sugar", "&nbsp;", "peanut butter chips", "half-and-half", "cream cheese at room temperature", "white sugar", "eggs at room temperature", "ripe bananas, mashed", "vanilla extract", "banana extract", "lemon juice"], "title": " Banana Peanut Butter Cheesecake aka &#34;The Elvis&#34;"}]
